GeoUID,Region Name,Population,share_lim_at,share_homeowner,share_burden,share_immigrant,share_university
10001,St. John's (B),212579,11.3,0.6940555555555555,19.049211391629047,4.0657025189158125,26.506092057761734
10010,Grand Falls-Windsor (D),13853,16.6,0.6710204081632654,19.526143790849673,1.25,14.047109207708779
10011,Gander (D),13414,12.1,0.660574412532637,17.452006980802793,1.834862385321101,14.685946678716673
10015,Corner Brook (D),29762,14.8,0.6976217440543602,17.542533081285445,1.518288474810214,17.297404398652667
11105,Charlottetown (D),78858,13.3,0.6200667880995749,18.76923076923077,11.456448694753167,29.3606216819266
11110,Summerside (D),18157,15.7,0.5669390320553112,17.687934301958308,6.847764572722128,15.687583444592791
12205,Halifax (B),465703,12,0.5857260049220673,21.448070324826567,8.672080844004467,32.635433412437166
12210,Kentville (D),26929,16.2,0.6669459572685379,17.44087837837838,3.6842105263157894,21.941576982209533
12215,Truro (D),46157,16,0.6687605701860353,16.646054909720505,3.0777716492002205,17.907938970778382
12220,New Glasgow (D),34397,16.5,0.7181143041653213,15.470337594231399,1.6432272390821614,15.198199757659685
12225,Cape Breton (D),98318,18.3,0.692351598173516,16.137816717973006,3.228476821192053,17.134646470693887
13305,Moncton (B),157717,12.5,0.667907115212861,16.747772703451375,8.214204674381666,23.400569712833935
13310,Saint John (B),130613,13.2,0.6927414302335989,14.302409205321826,4.716283054874012,21.400508435405595
13320,Fredericton (B),108610,11.6,0.6972279150037752,14.811155028546333,6.116735874585919,31.941823026534916
13328,Bathurst (D),31387,16.2,0.7374088225078153,12.48688352570829,2.1119842829076623,12.89012003693444
13329,Miramichi (D),27593,14.9,0.7451219512195122,11.769686706181202,1.793639053254438,14.900449582530507
13330,Campbellton (New Brunswick part / partie du Nouveau-Brunswick) (D),11986,19.9,0.6730418943533698,14.402917046490428,1.676963812886143,12.56885327991988
13335,Edmundston (D),22144,16.2,0.7093476144109055,13.247011952191235,3.201146679407549,16.362646338143207
24330,Campbellton (partie du Québec / Quebec part) (D),1344,20.2,0.6796875,11.71875,0,6.666666666666667
24403,Matane (D),18474,16.7,0.6614044637996733,11.141602634467619,2.025527192008879,11.398467432950191
24404,Rimouski (D),53944,12,0.6341987116923677,12.036128018849402,1.8866126727012864,22.75227298237737
24405,Rivière-du-Loup (D),30025,11.3,0.6210411357844922,9.955914768552535,2.057541412380122,15.810276679841897
24406,Baie-Comeau (D),26643,9.3,0.7253236245954693,7.948094079480941,0.9138635037915613,12.172327330749942
24408,Saguenay (B),161567,11.4,0.6405748663101605,11.776554317174702,1.4186193793540216,16.858395473451495
24410,Alma (D),30331,12.1,0.664133188563156,10.646802325581396,0.7162346521145976,13.044358922422523
24411,Dolbeau-Mistassini (D),15306,13.9,0.6870064608758076,8.538350217076701,0.9850543478260869,10.828282828282829
24412,Sept-Îles (D),27729,10.4,0.6371033360455655,10.275800711743772,1.3441355183207513,12.085682074408117
24421,Québec (B),839311,8.9,0.5827351110309186,14.328718421155068,4.349475590801728,27.61750144431525
24423,Sainte-Marie (D),13134,8.1,0.7045454545454546,8.53211009174312,2.6107594936708862,16.302765647743815
24428,Saint-Georges (D),34833,12.4,0.6282527881040892,11.163080760835673,2.4569663086655877,13.144375553587246
24430,Thetford Mines (D),28287,15.3,0.6750943396226415,10.590015128593041,2.0431328036322363,11.025016603940669
24433,Sherbrooke (B),227398,13.6,0.5480172001911132,15.66658659620466,4.343381567888054,24.298202747461584
24437,Cowansville (D),15234,15.5,0.4992836676217765,17.360114777618364,1.0850542527126357,12.244897959183673
24440,Victoriaville (D),52936,13.9,0.6185696361355082,13.13853268866933,1.9485657764589515,14.189028734267396
24442,Trois-Rivières (B),161489,14.3,0.5724538396294121,12.452333990795529,3.140772173465779,19.265429761453994
24444,Shawinigan (D),49620,18.7,0.5642458100558659,13.968824940047961,1.4798488664987406,11.67936162495466
24447,Drummondville (B),101610,13.5,0.5866068497647445,13.075140681893412,2.561631327990261,12.803383182152489
24450,Granby (K),90833,11.6,0.5997566909975669,14.271701814615007,2.4363986628137573,15.794107687097867
24452,Saint-Hyacinthe (K),59980,13.8,0.4971387696709585,15.883306320907618,5.523230568823274,13.879150340276345
24454,Sorel-Tracy (D),41934,14.7,0.6193993106843919,13.2396449704142,1.075268817204301,10.68485365160557
24456,Joliette (D),52706,14.7,0.5045796865458987,17.79453730126376,2.003388816904216,14.556143445032333
24462,Montréal (B),4291732,12,0.5437883537932293,19.61376906700131,9.835360178582679,29.264468559706792
24465,Salaberry-de-Valleyfield (D),42787,14.1,0.5535625311410065,16.85449536689206,1.2135922330097086,9.811212814645309
24467,Sainte-Agathe-des-Monts (D),19892,15.2,0.6585618210036213,20.695020746887966,1.957249549317538,19.916267942583733
24468,Lachute (D),14100,18.3,0.5130168453292496,17.719568567026194,0.6736526946107785,7.9630444346678395
24480,Val-d'Or (D),34037,11.8,0.5980487804878049,12.195934688437188,1.7354877318970676,14.141968532747896
24481,Amos (D),18873,10.5,0.6622032866707243,10.362047440699126,1.1803458687894592,12.5
24485,Rouyn-Noranda (D),42313,10.5,0.6312240663900415,10.824876398646891,1.622668927100993,16.605383144580085
24502,Hawkesbury (partie du Québec / Quebec part) (D),1816,17.7,0.5277777777777778,17.77777777777778,0.5509641873278237,8.524590163934427
24505,Ottawa - Gatineau (partie du Québec / Quebec part) (B),353293,9.4,0.645902940884581,14.970418134680582,5.408398044291055,27.11798634752086
35501,Cornwall (D),61415,15.7,0.6057835820895522,19.82710016914114,3.0543933054393304,11.992417439888257
35502,Hawkesbury (Ontario part / partie de l'Ontario) (D),10194,20.6,0.514763779527559,21.773399014778324,1.9328585961342828,8.922363847045192
35505,Ottawa - Gatineau (Ontario part / partie de l'Ontario) (B),1135014,8.6,0.657226950041889,19.582847950296777,8.708363180515759,39.25915570204918
35512,Brockville (D),31661,12.5,0.6588153792864565,19.418156326673678,2.2506476683937824,16.40987562650826
35515,Pembroke (D),23814,12.4,0.6866471734892787,17.66732283464567,1.1262724713017112,13.191598360655737
35516,Petawawa (D),18160,3.7,0.6420118343195266,8.524833209785026,1.7924255565192253,17.053103964098728
35521,Kingston (B),172546,10.1,0.6280525134344602,22.630242295284507,4.810352521195894,28.03294708920843
35522,Belleville - Quinte West (B),111184,10.5,0.6942551119766309,18.633132859486057,2.7734553775743707,14.58695652173913
35527,Cobourg (D),20519,9.7,0.6869184455391352,22.75219298245614,2.4519716885743175,20.179762249927514
35528,Port Hope (D),17294,8,0.7834699453551912,20.87378640776699,1.4801657785671996,18.882072256305385
35529,Peterborough (B),128624,10.8,0.6956155143338955,22.100403923831507,3.0953609270209137,22.008497128717494
35530,Kawartha Lakes (D),79247,10.2,0.8283137134994649,19.138229281333544,1.4696361517544996,13.470764617691154
35531,Centre Wellington (D),31093,5.6,0.8054279749478079,16.894781864841747,2.659487681514113,22.20466218885816
35532,Oshawa (B),415311,7.3,0.7493039015062565,23.502645859314438,5.738870456119882,22.910378627140425
35533,Ingersoll (D),13693,8,0.7630375114364135,16.193961573650505,2.1410114433370246,11.770031688546855
35535,Toronto (B),6202225,10.2,0.6510163670678506,30.49895323717799,15.286722188940692,37.99095988909355
35537,Hamilton (B),785184,9.4,0.6857472834927452,23.034866590276643,7.529995862639636,27.71508405761304
35539,St. Catharines - Niagara (B),433604,11,0.7142697726321663,21.72103487064117,5.672417034878255,20.061196642454483
35541,Kitchener - Cambridge - Waterloo (B),575847,9.3,0.6463525974618826,21.990442933284324,11.490762500770158,28.855408858603067
35543,Brantford (B),144162,9.4,0.7155611106151236,20.483885528572717,4.376167154081957,17.000682244584684
35544,Woodstock (D),46705,8.7,0.6518400847233254,21.591511936339522,4.907508161044614,14.992046659597031
35546,Tillsonburg (D),18615,9.4,0.7077764277035237,17.69371568029286,1.8584312653730528,12.15698787492023
35547,Norfolk (D),67490,10,0.8157274868635622,15.570869808157944,2.1442053605134013,12.459807073954984
35550,Guelph (B),165588,7.7,0.6877288663809895,22.033234049224017,7.572560173716243,32.89892740784127
35553,Stratford (D),33232,9.7,0.6581892166836215,19.850441876274644,3.7555794982299524,21.825396825396826
35555,London (B),543551,12.4,0.6257649388048956,22.285922285922286,9.679346000223973,26.576717916535927
35556,Chatham-Kent (D),104316,12.1,0.719637804187889,15.69223573433115,2.213732980703301,12.943791308416682
35559,Windsor (B),422630,11.3,0.7246114380564358,17.504491063544744,7.856704492124042,22.32603743115033
35562,Sarnia (K),97592,9.9,0.7241662752465946,16.097619620100986,3.5727268006439217,16.63597298956415
35563,Essa (D),22970,5.8,0.8062893081761007,16.645326504481435,2.9185867895545314,15.194054500412882
35565,Wasaga Beach (D),24862,8.8,0.8543015726179464,19.990723562152134,2.7049013626194833,12.520175236338483
35566,Owen Sound (D),32712,12.4,0.689367616400278,20.267888614733874,2.353310323187951,17.10453793863678
35567,Collingwood (D),24811,9.9,0.7278424350940018,26.54708520179372,2.780638516992791,26.334604385128696
35568,Barrie (B),212856,7.7,0.7337662337662337,25.268886043533932,5.717208726892056,19.749432487572196
35569,Orillia (D),33411,12.6,0.6117850953206239,26.687543493389004,2.5100712736287574,17.499095186391603
35571,Midland (D),27894,13.4,0.6904862579281184,22.44378447178617,2.04855842185129,14.401223776223777
35575,North Bay (K),71736,11.8,0.6696600384862091,19.21713917525773,1.8240114000712504,18.170415586587506
35580,Greater Sudbury / Grand Sudbury (B),170605,9.6,0.6494754053685788,17.20304673025458,3.7585013721512945,19.0326233104522
35582,Elliot Lake (D),11372,20,0.6078767123287672,19.862424763542563,1.6926503340757237,10.64676616915423
35586,Timmins (D),41145,11.7,0.6695554934302488,16.151685393258425,2.6916397916149837,12.819370172311348
35590,Sault Ste. Marie (K),76731,11.6,0.692184776292853,15.765366430260046,2.824184566428003,19.4129523217891
35595,Thunder Bay (B),123258,11,0.7035602287400848,15.222263728053791,3.9393187830687832,22.162005225975033
35598,Kenora (D),14967,8.5,0.7350230414746544,16.705157813702847,1.9164955509924708,18.871753246753247
46602,Winnipeg (B),834678,12.2,0.6565655036706274,19.34728745800842,12.675137090330177,28.456164373477034
46603,Winkler (D),32655,15,0.7558293004839419,17.549371633752244,11.997516684774174,12.536023054755043
46605,Steinbach (D),17806,14.7,0.6174103877103145,21.65325530358449,10.298719772403983,17.512690355329948
46607,Portage la Prairie (D),13270,15.4,0.650132860938884,16.94764862466726,6.46921278254092,15.781853281853282
46610,Brandon (D),54268,13.1,0.6246354049809288,16.018978761861725,12.162290264480045,20.533208606173993
46640,Thompson (D),13035,14.5,0.5336898395721925,14.055793991416309,9.200310559006212,19.00262467191601
47705,Regina (B),249217,10.2,0.68546053288095,18.737106918238993,11.47172892427026,27.765978964401295
47710,Yorkton (D),19859,12.1,0.7375296912114014,16.35258358662614,6.8956677774929505,15.991203267357838
47715,Moose Jaw (D),34872,13,0.6769635228393033,17.71315267680106,6.4110070257611245,15.680314679063114
47720,Swift Current (D),18745,10.5,0.7113207547169811,15.853658536585366,7.419712070874861,17.296754767480763
47725,Saskatoon (B),317480,11,0.6821342925659473,21.157265233554227,10.118292859091857,28.80033440156054
47735,North Battleford (D),19374,13.3,0.6872218690400509,15.86073500967118,6.920415224913495,16.588785046728972
47745,Prince Albert (D),45718,15.4,0.645662368112544,17.284688995215312,5.366416618580496,15.944591806660773
47750,Estevan (D),12798,8.3,0.7371375116931712,13.825757575757576,7.4870569494225405,12.728169708929453
47755,Weyburn (D),12247,10,0.7102161100196464,15.653040877367896,5.961945031712474,16.227608008429925
47840,Lloydminster (Saskatchewan part / partie de la Saskatchewan) (D),16769,10.1,0.6744,19.698239731768652,8.325846061695119,12.848722986247544
48805,Medicine Hat (K),76376,10.5,0.7272301933873986,19.234419487503953,4.256602761764311,14.296181714564845
48806,Brooks (D),14924,8.8,0.6478599221789884,15.196078431372548,22.089450324342778,11.887800534283171
48810,Lethbridge (B),123847,9.6,0.7040805838215644,19.64360150062526,6.518942694717623,20.553156487764753
48820,Okotoks (D),30405,5.8,0.8572792362768497,17.264466762314683,4.730179880079946,21.236673773987206
48821,High River (D),14324,8.1,0.7538860103626943,19.290657439446367,11.05598866052445,15.22951522951523
48825,Calgary (B),1481806,8.6,0.7052658668181173,22.512205789158937,11.579162898629857,34.43446510261468
48826,Strathmore (D),14339,8.9,0.772438803263826,21.019108280254777,3.6157390996100673,14.368070953436806
48828,Canmore (D),15990,6.5,0.6620132255694342,24.944649446494466,12.206119162640901,42.60289210233593
48830,Red Deer (B),100844,9.8,0.6481115773882992,21.348036178912153,8.02692641134173,17.631562441196763
48831,Sylvan Lake (D),16514,9.4,0.6878306878306878,23.502653525398028,3.04228780042592,12.828438948995363
48832,Lacombe (D),13396,8.8,0.7179980750721848,19.47926711668274,5.661820964039785,19.204980842911876
48833,Camrose (D),18772,10.5,0.6594960049170252,21.900061690314622,5.471542480065988,16.455696202531644
48835,Edmonton (B),1418118,8.8,0.6873912052859421,22.45173993853628,10.531210874619925,26.45801378678091
48840,Lloydminster (Alberta part / partie de l'Alberta) (D),19739,8.5,0.7177472167648985,19.513797634691194,6.189856957087126,16.13545816733068
48850,Grande Prairie (K),64141,7.5,0.6570622607293976,22.381722604124544,8.254194365305477,15.835449466734383
48860,Wood Buffalo (K),73837,4.4,0.6581680830972616,12.840316663448542,9.366898621912949,19.18707845225417
48865,Wetaskiwin (D),12594,12.8,0.6335583413693346,22.9126213592233,6.1081304168386295,12.410986775178026
59905,Cranbrook (D),27040,8.5,0.7764602547211242,14.26678445229682,4.1642897889332575,14.830603544985417
59907,Nelson (D),19119,11.2,0.7189888300999412,20.98108747044917,6.67913438418381,30.289809909629167
59910,Trail (D),14268,9.3,0.7572964669738863,12.076923076923077,3.354978354978355,12.994112699747687
59913,Penticton (D),47380,11.5,0.6869009584664537,24.280230326295584,3.6290759397681724,17.341040462427745
59915,Kelowna (B),222162,9.5,0.7073196586632745,25.579531795546906,6.099988559661366,22.424387518952997
59918,Vernon (D),67086,10,0.7284595300261096,22.132532382203866,4.071947952544967,18.05543177969878
59920,Salmon Arm (D),19705,10.8,0.7766281192939745,18.06775407779172,3.175443238952104,18.47927703334372
59925,Kamloops (B),114142,8.7,0.7229299363057324,18.496724769623626,5.314577773757294,19.54919346223694
59930,Chilliwack (B),113767,10.4,0.7438584629254,20.868605079131395,4.446038006453926,15.058423391299577
59932,Abbotsford - Mission (B),195726,8.3,0.7045773866745545,23.50060277275467,11.662285610181401,17.859296163488086
59933,Vancouver (B),2642825,11.1,0.6209695970555534,29.75005080268238,16.35893924660963,35.22825381914156
59934,Squamish (D),24232,6.3,0.6946236559139785,25.382096069868997,10.144020037570444,34.13189077794951
59935,Victoria (B),397237,8.9,0.6197318549527635,26.0163773715472,7.17816047571241,33.61880250857887
59936,Ladysmith (D),15501,11.1,0.8018504240555128,17.1875,2.3301608139153265,18.723729461215132
59937,Duncan (D),47582,11.4,0.7415730337078652,19.429916317991633,3.7041025088833854,17.448476419269188
59938,Nanaimo (B),115459,10.7,0.6860182370820669,23.405782243182284,5.653411618183435,22.561166059344092
59939,Parksville (D),31054,9.8,0.8151032847951236,19.22554347826087,3.081792437114776,20.982468955441927
59940,Port Alberni (D),25786,13.6,0.7348420153714774,19.26283457656867,2.10795902285264,11.106011932078935
59943,Courtenay (D),63282,10.3,0.760723147819922,20.42933810375671,3.6837014347896178,22.919202321879975
59944,Campbell River (D),40704,10.1,0.7329931972789115,20.934959349593495,3.04282494365139,14.753857457751653
59945,Powell River (D),17825,13,0.7649572649572649,19.41031941031941,3.378184941311194,15.74286651361102
59950,Williams Lake (D),23608,11.8,0.7341961174713788,12.421052631578947,3.364045425326762,12.30967741935484
59952,Quesnel (D),23113,13.4,0.750492125984252,12.5948406676783,2.467248908296943,10.337662337662337
59955,Prince Rupert (D),13442,10.9,0.6354545454545455,14.502369668246445,6.015037593984962,15.145985401459853
59965,Terrace (D),19606,9.5,0.7330850403476101,14.515093127809891,4.305484366991286,16.556914393226716
59970,Prince George (K),89490,8.6,0.7116847826086956,14.89041095890411,4.8854006711027695,17.452474092375265
59975,Dawson Creek (D),17878,10.9,0.6759443339960238,17.068134893324157,6.501726121979287,11.907308377896614
59977,Fort St. John (D),28729,7.8,0.641224665804226,16.079965232507604,8.195568061906437,14.621585311240484
60990,Whitehorse (D),31913,6.1,0.6788016685627607,16.920731707317074,8.593252705283259,30.401234567901234
61995,Yellowknife (D),20340,4.3,0.5684840425531915,15.768463073852296,7.609241587142139,32.193732193732195
